chr_name	begin	end	overlap_count	p-value	p-value_adjusted	mean	variance	standard_deviation	z-score
chr1	0	1000000	3	0.09880514161830936115	1	1.3869083718403011352	0.7457367612133961875	0.8635605139267289284
chr1	200000	1200000	3	0.098805141618309402785	1	1.3869083718403015237	0.7457367612133963459	0.8635605139267290201
chr1	400000	1400000	2	0.44356132739028630851	1	1.3869083718403014127	0.7457367612133962376	0.8635605139267289574
chr1	600000	1600000	2	0.6289357663986350211	1	1.8492111624537351799	0.9943156816178617017	0.99715379035425709083
chr1	800000	1800000	2	0.76183619112715406096	1	2.3115139530671687806	1.2428946020223271157	1.1148518296268464732
chr1	1000000	2000000	1	0.91641061497606257635	1	1.8492111624537351799	0.9943156816178617017	0.99715379035425709083
chr1	1200000	2200000	0	1	1	1.8492111624537351799	0.9943156816178617017	0.99715379035425709083
chr1	1400000	2400000	0	1	1	1.8492111624537351799	0.9943156816178617017	0.99715379035425709083
chr1	1600000	2600000	1	0.91641061497606246533	1	1.8492111624537351244	0.9943156816178616616	0.9971537903542570708
chr1	1800000	2800000	2	0.76183619112715394994	1	2.3115139530671686696	1.2428946020223270894	1.1148518296268464615
chr1	2000000	3000000	2	0.8511614255056715317	1	2.7738167436806022773	1.4914735224267924123	1.2212589907250600922
chr1	2200000	3200000	2	0.76183619112715394994	1	2.3115139530671686696	1.2428946020223270894	1.1148518296268464615
chr1	2400000	3400000	3	0.42958512930585635026	1	2.3115139530671687806	1.2428946020223270946	1.1148518296268464637
chr1	2600000	3600000	3	0.58318572237011867543	1	2.7738167436806022773	1.4914735224267924123	1.2212589907250600922
chr1	2800000	3800000	3	0.7070716376156338523	1	3.2361195342940359057	1.7400524447106384988	1.319110474793767415
chr1	3000000	4000000	4	0.55164104542260783415	1	3.6984223249074695827	1.9886313651151038258	1.4101884147570862191
chr1	3200000	4200000	4	0.55164104542260783415	1	3.6984223249074695827	1.9886313651151038258	1.4101884147570862191
chr1	3400000	4400000	3	0.7070716376156338523	1	3.2361195342940360167	1.7400524447106386047	1.3191104747937674552
chr1	3600000	4600000	4	0.41800450191234550523	1	3.2361195342940363498	1.7400524447106387772	1.3191104747937675205
chr1	3800000	4800000	5	0.077889823528190876845	1	2.7738167436806024993	1.4914735224267923378	1.2212589907250600617
chr1	4000000	5000000	4	0.04567789269709994493	1	1.849211162453735291	0.994315681617861703	0.9971537903542570915
chr1	4200000	5200000	4	0.04567789269709994493	1	1.849211162453735291	0.994315681617861703	0.9971537903542570915
chr1	4400000	5400000	4	0.04567789269709994493	1	1.849211162453735291	0.994315681617861703	0.9971537903542570915
chr1	4600000	5600000	4	0.276125912535071516	1	2.7738167436806028948	1.4932603828742875805	1.2219903366533990643
chr1	4800000	5800000	3	0.58311132283536437626	1	2.7738167436806027838	1.4932603828742875471	1.2219903366533990506
chr1	5000000	6000000	3	0.7069474214333848483	1	3.2361195342940359543	1.7418393032787527508	1.3197875977894142762
chr1	5200000	6200000	5	0.6346376696358260183	1	5.0853306967477712374	2.7361552694647059436	1.6541327847137018593
chr1	5400000	6400000	7	0.4913333230555493869	1	6.4722390685880702753	3.4818920306781010105	1.8659828591597782977
chr1	5600000	6600000	7	0.28991238534853625008	1	5.5476334873612040345	2.9829473294216756788	1.7271211102356648802
chr1	5800000	6800000	6	0.39891269777743554314	1	5.085330696747770946	2.7343684090172106834	1.6535925764882989107
chr1	6000000	7000000	6	0.50791300848604381546	1	5.5476334873612042566	2.9829473294216756957	1.727121110235664885
chr1	6200000	7200000	4	0.55164104545946757163	1	3.6984223249074694613	1.9886313632357226947	1.4101884140907280531
chr1	6400000	7400000	2	0.76183619112715406096	1	2.3115139530671686696	1.2428946020223269241	1.1148518296268463873
chr1	6600000	7600000	3	0.5831857223701185644	1	2.7738167436806023536	1.4914735224267965958	1.221258990725061805
chr1	6800000	7800000	4	0.27598453624159430264	1	2.7738167436806025201	1.4914735224267968036	1.2212589907250618901
chr1	7000000	8000000	5	0.02111701726321049688	1	2.3115139530671684476	1.2428946020223312592	1.1148518296268483315
chr1	7200000	8200000	5	0.02111701726321049688	1	2.3115139530671684476	1.2428946020223312592	1.1148518296268483315
chr1	7400000	8400000	5	0.077889823528191251545	1	2.7738167436806026242	1.4914735224267966889	1.2212589907250618431
chr1	7600000	8600000	2	0.44356132739028630851	1	1.3869083718403014127	0.7457367612133962376	0.8635605139267289574
chr1	7800000	8800000	2	0.44356132739028630851	1	1.3869083718403014127	0.7457367612133962376	0.8635605139267289574
chr1	8000000	9000000	3	0.25818688838193770696	1	1.849211162453735291	0.994315681617861703	0.9971537903542570915
chr1	8200000	9200000	4	0.14392139443265858367	1	2.3115139530671687806	1.2428946020223270946	1.1148518296268464637
chr1	8400000	9400000	4	0.04567789269709994493	1	1.849211162453735291	0.994315681617861703	0.9971537903542570915
chr1	8600000	9600000	4	0.27598453624159391406	1	2.7738167436806024993	1.4914735224267924179	1.2212589907250600945
chr1	8800000	9800000	3	0.42958512930585635026	1	2.3115139530671686696	1.2428946020223269241	1.1148518296268463873
chr1	9000000	10000000	1	0.91641061497606257635	1	1.849211162453735291	0.994315681617861703	0.9971537903542570915
chr1	9200000	10200000	0	1.000000000000000222	1	1.849211162453735291	0.994315681617861703	0.9971537903542570915
chr1	9400000	10400000	1	0.95505422093828962193	1	2.3115139530671687806	1.2428946020223270946	1.1148518296268464637
chr1	9600000	10600000	1	0.84454190283170560427	1	1.3869083718403014127	0.7457367612133962376	0.8635605139267289574
chr1	9800000	10800000	1	0.84454190283170560427	1	1.3869083718403014127	0.7457367612133962376	0.8635605139267289574
chr1	10000000	11000000	1	0.91641061497606257635	1	1.849211162453735291	0.994315681617861703	0.9971537903542570915
chr1	10200000	11200000	3	0.8003299931183706084	1	3.6984223249074705993	1.9886313632357234872	1.4101884140907283341
chr1	10400000	11400000	2	0.9087973406094275175	1	3.236119534294036669	1.7400524428312580747	1.3191104740814008391
chr1	10600000	11600000	4	0.6666106399568966223	1	4.1607251155209044272	2.2372102836401888048	1.4957306855313856282
chr1	10800000	11800000	4	0.6666106399568966223	1	4.1607251155209044272	2.2372102836401888048	1.4957306855313856282
chr1	11000000	12000000	6	0.28833983250100492235	1	4.6230279061343368657	2.4857892040446534633	1.5766385774947451359
chr1	11200000	12200000	4	0.27598453624159391406	1	2.7738167436806021107	1.4914735224267921243	1.2212589907250599743
chr1	11400000	12400000	5	0.40792905233768145257	1	4.160725115520902859	2.2372102836401881445	1.4957306855313854076
chr1	11600000	12600000	4	0.66661063995689640027	1	4.160725115520902906	2.237210283640187847	1.4957306855313853081
chr1	11800000	12800000	4	0.75933888514525538227	1	4.6230279061343362646	2.485789204044653137	1.5766385774947450324
chr1	12000000	13000000	2	0.9087973406094274065	1	3.2361195342940360584	1.7400524428312576787	1.3191104740814006889
chr1	12200000	13200000	2	0.85116142550567142067	1	2.7738167436806022773	1.4914735224267923322	1.2212589907250600594
chr1	12400000	13400000	2	0.62893576639863491007	1	1.849211162453735291	0.994315681617861703	0.9971537903542570915
chr1	12600000	13600000	1	0.84454190283170560427	1	1.3869083718403014127	0.7457367612133962376	0.8635605139267289574
chr1	12800000	13800000	1	0.7108817110178993204	1	0.92460558122686758997	0.4971578408089309003	0.7050942070453641873
chr1	13000000	14000000	2	0.6289357663986341329	1	1.8492111624537350412	0.9943156816178704558	0.9971537903542614804
chr1	13200000	14200000	2	0.7618361911271528397	1	2.3115139530671687668	1.242894602022336028	1.1148518296268504703
chr1	13400000	14400000	1	0.9164106149760613551	1	1.8492111624537349857	0.99431568161787041573	0.99715379035426146033
chr1	13600000	14600000	1	0.9550542209382890668	1	2.3115139530671687113	1.2428946020223359528	1.1148518296268504366
chr1	13800000	14800000	2	0.90879734060942674034	1	3.2361195342940360375	1.7400524428312665755	1.3191104740814040612
chr1	14000000	15000000	1	0.9758327800248132178	1	2.7738167436806027213	1.491473522426792493	1.2212589907250601252
chr1	14200000	15200000	1	0.95505422093828973296	1	2.3115139530671687251	1.2428946020223270194	1.11485182962684643
chr1	14400000	15400000	1	0.9758327800248133288	1	2.7738167436806027213	1.491473522426792493	1.2212589907250601252
chr1	14600000	15600000	1	0.95505422093828962193	1	2.3115139530671687806	1.2428946020223270946	1.1148518296268464637
chr1	14800000	15800000	0	1.000000000000000222	1	1.8492111624537351799	0.9943156816178617017	0.99715379035425709083
chr1	15000000	16000000	1	0.95505422093828962193	1	2.3115139530671687806	1.2428946020223270946	1.1148518296268464637
chr1	15200000	16200000	1	0.95505422093828962193	1	2.3115139530671687806	1.2428946020223270946	1.1148518296268464637
chr1	15400000	16400000	1	0.9758327800248132178	1	2.7738167436806024993	1.4914735224267924179	1.2212589907250600945
chr1	15600000	16600000	1	0.9758327800248132178	1	2.7738167436806027213	1.491473522426792493	1.2212589907250601252
chr1	15800000	16800000	1	0.95505422093828973296	1	2.3115139530671687251	1.2428946020223270194	1.11485182962684643
chr1	16000000	17000000	1	0.91641061497606246533	1	1.8492111624537351244	0.9943156816178616616	0.9971537903542570708
chr1	16200000	17200000	1	0.91641061497606246533	1	1.8492111624537351244	0.9943156816178616616	0.9971537903542570708
chr1	16400000	17400000	2	0.4435613273902861975	1	1.3869083718403010796	0.7457367612133961258	0.8635605139267288927
chr1	16600000	17600000	3	0.09880514161830936115	1	1.3869083718403010796	0.7457367612133961258	0.8635605139267288927
chr1	16800000	17800000	3	0.25818688838193765145	1	1.8492111624537347914	0.9943156816178614919	0.99715379035425698567
chr1	17000000	18000000	2	0.443561327390286253	1	1.3869083718403010796	0.7457367612133961792	0.8635605139267289236
chr1	17200000	18200000	2	0.443561327390286253	1	1.3869083718403010796	0.7457367612133961792	0.8635605139267289236
chr1	17400000	18400000	1	0.7108817110178993204	1	0.92460558122686758997	0.4971578408089309003	0.7050942070453641873
chr1	17600000	18600000	0	1.000000000000000222	1	0.46230279061343382274	0.24857892040446543436	0.4985768951771285544
chr1	17800000	18800000	1	0.7108817110178993204	1	0.92460558122686753446	0.49715784080893078896	0.7050942070453641083
chr1	18000000	19000000	1	0.8445419028317057153	1	1.3869083718403014127	0.7457367612133962376	0.8635605139267289574
chr1	18200000	19200000	1	0.8445419028317057153	1	1.3869083718403014127	0.7457367612133962376	0.8635605139267289574
chr1	18400000	19400000	2	0.76183619112715406096	1	2.3115139530671686696	1.2428946020223269241	1.1148518296268463873
chr1	18600000	19600000	2	0.9087973406094275175	1	3.2361195342940362804	1.7400524428312577666	1.3191104740814007223
chr1	18800000	19800000	1	0.9758327800248132178	1	2.7738167436806027213	1.491473522426792493	1.2212589907250601252
chr1	19000000	20000000	2	0.9087973406094275175	1	3.2361195342940361694	1.7400524428312577636	1.3191104740814007211
chr1	19200000	20200000	2	0.9087973406094275175	1	3.2361195342940361694	1.7400524428312577636	1.3191104740814007211
chr1	19400000	20400000	1	0.987005353260710927	1	3.2361195342940365025	1.7400524428312579394	1.3191104740814007878
chr1	19600000	20600000	1	0.95505422093828962193	1	2.311513953067168614	1.2428946020223269939	1.1148518296268464185
chr1	19800000	20800000	2	0.8511614255056715317	1	2.7738167436806024993	1.4914735224267923378	1.2212589907250600617
chr1	20000000	21000000	2	0.76183619112715406096	1	2.3115139530671688917	1.2428946020223271211	1.1148518296268464757
chr1	20200000	21200000	3	0.58318572237011878645	1	2.7738167436806026103	1.4914735224267923796	1.2212589907250600788
chr1	20400000	21400000	4	0.14392139443265855592	1	2.3115139530671687806	1.2428946020223270946	1.1148518296268464637
chr1	20600000	21600000	6	0.041257928130921800447	1	3.2361195342940360584	1.7400524428312576787	1.3191104740814006889
chr1	20800000	21800000	7	0.004513210656762898544	1	3.2361195342940360584	1.7400524428312576787	1.3191104740814006889
chr1	21000000	22000000	6	0.0097624560102141690054	1	2.7738167436806024993	1.4914735224267924179	1.2212589907250600945
chr1	21200000	22200000	5	0.16946956202136354008	1	3.2361195342940362804	1.7400524428312577666	1.3191104740814007223
chr1	21400000	22400000	5	0.16946956202136354008	1	3.2361195342940362804	1.7400524428312577666	1.3191104740814007223
chr1	21600000	22600000	5	0.28436795827768091005	1	3.6984223249074700025	1.9886313632359591891	1.4101884140908119052
chr1	21800000	22800000	4	0.41800450186857329715	1	3.23611953429403644	1.7400524428314938755	1.3191104740814902178
chr1	22000000	23000000	5	0.28436795827768079903	1	3.6984223249074697597	1.9886313632359589435	1.4101884140908118181
chr1	22200000	23200000	5	0.0778898235282105833	1	2.7738167436806027283	1.4914735224270284253	1.2212589907251567192
chr1	22400000	23400000	4	0.143921394432687616	1	2.3115139530671687668	1.2428946020225631053	1.1148518296269523122
chr1	22600000	23600000	3	0.25818688838193770696	1	1.8492111624537351244	0.9943156816178616616	0.9971537903542570708
chr1	22800000	23800000	2	0.6289357663986350211	1	1.8492111624537351244	0.9943156816178616616	0.9971537903542570708
chr1	23000000	24000000	1	0.91641061497606246533	1	1.8492111624537351244	0.9943156816178616616	0.9971537903542570708
chr1	23200000	24200000	1	0.91641061497606246533	1	1.8492111624537351244	0.9943156816178616616	0.9971537903542570708
chr1	23400000	24400000	1	0.95505422093828973296	1	2.311513953067168614	1.2428946020223269939	1.1148518296268464185
chr1	23600000	24600000	0	1.000000000000000222	1	1.8492111624537351799	0.9943156816178617017	0.99715379035425709083
chr1	23800000	24800000	0	1.000000000000000222	1	1.3869083718403014127	0.7457367612133962376	0.8635605139267289574
chr1	24000000	25000000	0	1.000000000000000222	1	0.92460558122686758997	0.4971578408089309003	0.7050942070453641873
chr1	24200000	25200000	1	0.91641061497606257635	1	1.849211162453735291	0.994315681617861703	0.9971537903542570915
chr1	24400000	25400000	1	0.8445419028317057153	1	1.3869083718403014127	0.7457367612133962376	0.8635605139267289574
chr1	24600000	25600000	1	0.8445419028317057153	1	1.3869083718403014127	0.7457367612133962376	0.8635605139267289574
chr1	24800000	25800000	2	0.76183619112715406096	1	2.3115139530671687251	1.2428946020223270194	1.11485182962684643
chr1	25000000	26000000	2	0.76183619112715406096	1	2.3115139530671687251	1.2428946020223270194	1.11485182962684643
chr1	25200000	26200000	4	0.27598453624159385855	1	2.7738167436806018887	1.4914735224267921215	1.2212589907250599731
chr1	25400000	26400000	4	0.41800450186856769053	1	3.2361195342940346567	1.7400524428312569829	1.3191104740814004252
chr1	25600000	26600000	4	0.41800450186856774604	1	3.2361195342940355726	1.7400524428312573502	1.3191104740814005644
chr1	25800000	26800000	4	0.41800450186856763501	1	3.2361195342940356837	1.740052442831257435	1.3191104740814005965
chr1	26000000	27000000	4	0.41800450186856763501	1	3.2361195342940356837	1.740052442831257435	1.3191104740814005965
chr1	26200000	27200000	1	0.9550542209382895109	1	2.3115139530671685586	1.2428946020223269187	1.1148518296268463848
chr1	26400000	27400000	1	0.95505422093828962193	1	2.3115139530671687806	1.2428946020223270946	1.1148518296268464637
chr1	26600000	27600000	1	0.95505422093828962193	1	2.3115139530671687806	1.2428946020223270946	1.1148518296268464637
chr1	26800000	27800000	4	0.41800450186906495942	1	3.2361195342940363706	1.7400524428526007981	1.3191104740894906555
chr1	27000000	28000000	5	0.28436795827883226684	1	3.698422324907470117	1.9886313632570661468	1.4101884140982956419
chr1	27200000	28200000	5	0.40792905233811405097	1	4.160725115520903381	2.2372102836615316694	1.495730685538520223
chr1	27400000	28400000	5	0.28436795827883226684	1	3.6984223249074695897	1.988631363257066214	1.4101884140982956658
chr1	27600000	28600000	5	0.28436795827883226684	1	3.6984223249074699783	1.9886313632570662331	1.4101884140982956725
chr1	27800000	28800000	2	0.76183619112715394994	1	2.3115139530671685586	1.2428946020223269187	1.1148518296268463848
chr1	28000000	29000000	1	0.91641061497606257635	1	1.8492111624537352355	0.99431568161786166286	0.99715379035425707137
chr1	28200000	29200000	1	0.84454190283170560427	1	1.3869083718403014127	0.7457367612133962376	0.8635605139267289574
chr1	28400000	29400000	1	0.84454190283170560427	1	1.3869083718403014127	0.7457367612133962376	0.8635605139267289574
chr1	28600000	29600000	1	0.7108817110178993204	1	0.92460558122686758997	0.4971578408089309003	0.7050942070453641873
chr1	28800000	29800000	0	1.000000000000000222	1	0.46230279061343382274	0.24857892040446543436	0.4985768951771285544
chr1	29000000	30000000	0	1.000000000000000222	1	0.46230279061343382274	0.24857892040446543436	0.4985768951771285544
chr1	29200000	30200000	1	0.46230279061343382274	1	0.46230279061343382274	0.24857892040446543436	0.4985768951771285544
chr1	29400000	30400000	1	0.46230279061343382274	1	0.46230279061343382274	0.24857892040446543436	0.4985768951771285544
chr1	29600000	30600000	2	0.21372387020896838061	1	0.92460558122686758997	0.4971578408089309003	0.7050942070453641873
chr1	29800000	30800000	2	0.21372387020896838061	1	0.92460558122686758997	0.4971578408089309003	0.7050942070453641873
chr1	30000000	31000000	2	0.21372387020896838061	1	0.92460558122686758997	0.4971578408089309003	0.7050942070453641873
chr1	30200000	31200000	1	0.7108817110178993204	1	0.92460558122686758997	0.4971578408089309003	0.7050942070453641873
chr1	30400000	31400000	2	0.44356132739028630851	1	1.3869083718403014127	0.7457367612133962376	0.8635605139267289574
chr1	30600000	31600000	1	0.7108817110178993204	1	0.92460558122686758997	0.4971578408089309003	0.7050942070453641873
chr1	30800000	31800000	1	0.84454190283170560427	1	1.3869083718403014127	0.7457367612133962376	0.8635605139267289574
chr1	31000000	32000000	1	0.84454190283170560427	1	1.3869083718403014127	0.7457367612133962376	0.8635605139267289574
chr1	31200000	32200000	1	0.84454190283170560427	1	1.3869083718403014127	0.7457367612133962376	0.8635605139267289574
chr1	31400000	32400000	2	0.62893576639708270726	1	1.8492111624537350689	0.99431568163278472375	0.99715379036173989953
chr1	31600000	32600000	2	0.62893576639708270726	1	1.8492111624537350689	0.99431568163278472375	0.99715379036173989953
chr1	31800000	32800000	2	0.62893576639708270726	1	1.8492111624537350689	0.99431568163278472375	0.99715379036173989953
chr1	32000000	33000000	3	0.86670263058821717106	1	4.160725115520903865	2.2450964270753192985	1.4983645841634536239
chr1	32200000	33200000	4	0.75892854616283667024	1	4.6230279061343378067	2.4936753474797853948	1.5791375327943368831
chr1	32400000	33400000	2	0.9445568280967778785	1	3.6984223249074701205	1.9965175066559311998	1.4129817786001103276
chr1	32600000	33600000	2	0.9445568280967778785	1	3.6984223249074701205	1.9965175066559311998	1.4129817786001103276
chr1	32800000	33800000	2	0.9669141116731522212	1	4.1607251155209036345	2.245096427060396376	1.4983645841584738871
chr1	33000000	34000000	1	0.9758327800248133288	1	2.7738167436806024369	1.4914735224267926402	1.2212589907250601855
chr1	33200000	34200000	0	1.000000000000000222	1	1.8492111624537350134	0.99431568161786158935	0.9971537903542570345
chr1	33400000	34400000	1	0.9550542209382895109	1	2.3115139530671687251	1.2428946020223269992	1.1148518296268464209
chr1	33600000	34600000	1	0.9550542209382895109	1	2.3115139530671687251	1.2428946020223269992	1.1148518296268464209
chr1	33800000	34800000	1	0.8445419028317057153	1	1.3869083718403014127	0.7457367612133962376	0.8635605139267289574
chr1	34000000	35000000	1	0.46230279061343382274	1	0.46230279061343382274	0.24857892040446543436	0.4985768951771285544
chr1	34200000	35200000	2	0.21372387020896838061	1	0.92460558122686758997	0.4971578408089309003	0.7050942070453641873
chr1	34400000	35400000	1	0.46230279061343382274	1	0.46230279061343382274	0.24857892040446543436	0.4985768951771285544
chr1	34600000	35600000	1	0.8445419028317057153	1	1.3869083718403014127	0.7457367612133962376	0.8635605139267289574
chr1	34800000	35800000	1	0.8445419028317057153	1	1.3869083718403014127	0.7457367612133962376	0.8635605139267289574
chr1	35000000	36000000	1	0.8445419028317057153	1	1.3869083718403014127	0.7457367612133962376	0.8635605139267289574
chr1	35200000	36200000	0	1.000000000000000222	1	0.92460558122686753446	0.49715784080893078896	0.7050942070453641083
chr1	35400000	36400000	0	1.000000000000000222	1	0.92460558122686753446	0.49715784080893078896	0.7050942070453641083
chr1	35600000	36600000	0	1.000000000000000222	1	0	0	0
chr1	35800000	36800000	3	0.25818688838193776247	1	1.8492111624537352355	0.99431568161786166286	0.99715379035425707137
chr1	36000000	37000000	4	0.5516402071265343876	1	3.6984223249074705264	1.988674107537099856	1.4102035695377812566
chr1	36200000	37200000	4	0.5516402071265343876	1	3.6984223249074705264	1.988674107537099856	1.4102035695377812566
chr1	36400000	37400000	4	0.5516402071265343876	1	3.6984223249074705264	1.988674107537099856	1.4102035695377812566
chr1	36600000	37600000	5	0.52751787499132785086	1	4.6230279061343374867	2.485831948346030414	1.5766521329532492704
chr1	36800000	37800000	2	0.9449509751169382632	1	3.698422324907470006	1.9886741075370992763	1.410203569537781051
chr1	37000000	38000000	1	0.91641061497606246533	1	1.8492111624537352355	0.99431568161786156794	0.9971537903542570238
chr1	37200000	38200000	1	0.91641061497606246533	1	1.8492111624537352355	0.99431568161786156794	0.9971537903542570238
chr1	37400000	38400000	1	0.91641061497606246533	1	1.8492111624537352355	0.99431568161786156794	0.9971537903542570238
chr1	37600000	38600000	0	1.000000000000000222	1	0.92460558122686753446	0.49715784080893078896	0.7050942070453641083
chr1	37800000	38800000	0	1.000000000000000222	1	0	0	0
chr1	38000000	39000000	0	1.000000000000000222	1	0	0	0
chr1	38200000	39200000	0	1.000000000000000222	1	0	0	0
chr1	38400000	39400000	0	1.000000000000000222	1	0.92460558122686753446	0.49715784080893078896	0.7050942070453641083
chr1	38600000	39600000	0	1.000000000000000222	1	1.3869083718403014127	0.7457367612133962376	0.8635605139267289574
chr1	38800000	39800000	0	1	1	1.8492111624537352355	0.99431568161786166286	0.99715379035425707137
chr1	39000000	40000000	1	0.98700535326071070497	1	3.2361195342940359473	1.7400524428312576493	1.3191104740814006777
chr1	39200000	40200000	1	0.99301281471132007983	1	3.698422324907469489	1.98863136323572298	1.4101884140907281543
chr1	39400000	40400000	1	0.98700535326071103803	1	3.2361195342940362804	1.7400524428312577666	1.3191104740814007223
chr1	39600000	40600000	2	0.9806063068717583153	1	4.623027906134336922	2.4860278218431057049	1.576714248633247338
chr1	39800000	40800000	2	0.98060630687175853737	1	4.6230279061343374667	2.4860278218431064784	1.5767142486332475832
chr1	40000000	41000000	1	0.99300993134690751507	1	3.6984223249074701274	1.9888699810341756731	1.4102730164880045925
chr1	40200000	41200000	1	0.99300993134690751507	1	3.698422324907470405	1.9888699810341758937	1.4102730164880046707
chr1	40400000	41400000	1	0.9869999908292861335	1	3.2361195342940365025	1.7402910606297103572	1.3192009174609113943
chr1	40600000	41600000	1	0.9758327800248133288	1	2.7738167436806026034	1.4914735224267932416	1.2212589907250604317
chr1	40800000	41800000	1	0.95505422093828962193	1	2.3115139530671688362	1.2428946020223277978	1.1148518296268467791
chr1	41000000	42000000	1	0.91641061497606257635	1	1.849211162453735291	0.9943156816178624639	0.99715379035425747307
chr1	41200000	42200000	1	0.84454190283170560427	1	1.3869083718403014127	0.74573676121339693983	0.863560513926729364
chr1	41400000	42400000	1	0.84454190283170560427	1	1.3869083718403014127	0.74573676121339693983	0.863560513926729364
chr1	41600000	42600000	0	1.000000000000000222	1	0	0	0
chr1	41800000	42800000	0	1.000000000000000222	1	0	0	0
chr1	42000000	43000000	0	1.000000000000000222	1	0	0	0
chr1	42200000	43200000	0	1.000000000000000222	1	0	0	0
chr1	42400000	43400000	2	0.2137238702089683251	1	0.92460558122686753446	0.49715784080893078896	0.7050942070453641083
chr1	42600000	43600000	2	0.2137238702089683251	1	0.92460558122686753446	0.49715784080893078896	0.7050942070453641083
chr1	42800000	43800000	4	0.04567789269709994493	1	1.8492111624537351799	0.9943156816178617017	0.99715379035425709083
chr1	43000000	44000000	4	0.04567789269709994493	1	1.8492111624537351799	0.9943156816178617017	0.99715379035425709083
chr1	43200000	44200000	5	0.021117017263210292183	1	2.3115139530671687806	1.2428946020223270946	1.1148518296268464637
chr1	43400000	44400000	3	0.25818688838193770696	1	1.8492111624537351799	0.9943156816178617017	0.99715379035425709083
chr1	43600000	44600000	3	0.25818688838193770696	1	1.8492111624537351244	0.9943156816178616616	0.9971537903542570708
chr1	43800000	44800000	1	0.7108817110178993204	1	0.92460558122686758997	0.4971578408089309003	0.7050942070453641873
chr1	44000000	45000000	1	0.84454190283170560427	1	1.3869083718403014127	0.7457367612133962376	0.8635605139267289574
chr1	44200000	45200000	1	0.91641061497606257635	1	1.849211162453735291	0.994315681617861703	0.9971537903542570915
chr1	44400000	45400000	1	0.91641061497606257635	1	1.849211162453735291	0.994315681617861703	0.9971537903542570915
chr1	44600000	45600000	2	0.76183619112715394994	1	2.311513953067168614	1.2428946020223269939	1.1148518296268464185
chr1	44800000	45800000	2	0.76183619112715394994	1	2.311513953067168614	1.2428946020223269939	1.1148518296268464185
chr1	45000000	46000000	2	0.76183619112715394994	1	2.311513953067168614	1.2428946020223269939	1.1148518296268464185
chr1	45200000	46200000	1	0.84454190283170560427	1	1.3869083718403011352	0.7457367612133961875	0.8635605139267289284
chr1	45400000	46400000	1	0.95505422093828962193	1	2.3115139530671686696	1.2428946020223269241	1.1148518296268463873
chr1	45600000	46600000	0	1.000000000000000222	1	1.8492111624537350134	0.99431568161786158935	0.9971537903542570345
chr1	45800000	46800000	0	1.000000000000000222	1	1.8492111624537350134	0.99431568161786158935	0.9971537903542570345
chr1	46000000	47000000	0	1.000000000000000222	1	1.3869083718403014682	0.7457367612133962459	0.8635605139267289622
chr1	46200000	47200000	0	1.000000000000000222	1	1.3869083718403014682	0.7457367612133962459	0.8635605139267289622
chr1	46400000	47400000	0	1.000000000000000222	1	0	0	0
chr1	46600000	47600000	0	1.000000000000000222	1	0	0	0
chr1	46800000	47800000	0	1.000000000000000222	1	0.46230279061343382274	0.24857892040446543436	0.4985768951771285544
chr1	47000000	48000000	0	1.000000000000000222	1	0.46230279061343382274	0.24857892040446543436	0.4985768951771285544
chr1	47200000	48200000	0	1.000000000000000222	1	0.46230279061343382274	0.24857892040446543436	0.4985768951771285544
chr1	47400000	48400000	0	1.000000000000000222	1	0.46230279061343382274	0.24857892040446543436	0.4985768951771285544
chr1	47600000	48600000	0	1.000000000000000222	1	0.92460558122686742344	0.49715784080893083577	0.70509420704536414153
chr1	47800000	48800000	0	1.000000000000000222	1	0.92460558122686747895	0.49715784080893083612	0.70509420704536414175
chr1	48000000	49000000	0	1.000000000000000222	1	1.3869083718403014127	0.7457367612133962376	0.8635605139267289574
chr1	48200000	49200000	0	1.000000000000000222	1	1.8492111624537349579	0.9943156816178616281	0.99715379035425705397
chr1	48400000	49400000	2	0.8511614255056715317	1	2.7738167436806021662	1.4914735224267922989	1.2212589907250600458
chr1	48600000	49600000	3	0.86718966969910749043	1	4.160725115520903997	2.2372102836401886838	1.4957306855313855878
chr1	48800000	49800000	3	0.8671896696991073794	1	4.1607251155209036917	2.237210283640188488	1.4957306855313855224
chr1	49000000	50000000	3	0.8003299931183706084	1	3.6984223249074704883	1.9886313632357236001	1.4101884140907283741
chr1	49200000	50200000	4	0.5516410454594677937	1	3.6984223249074708213	1.988631363235723492	1.4101884140907283359
chr1	49400000	50400000	3	0.70707163774628201125	1	3.2361195342940362804	1.7400524428312578757	1.3191104740814007636
chr1	49600000	50600000	4	0.14392139443265855592	1	2.3115139530671687806	1.2428946020223270946	1.1148518296268464637
chr1	49800000	50800000	4	0.04567789269709994493	1	1.849211162453735291	0.994315681617861703	0.9971537903542570915
chr1	50000000	51000000	5	0.021117017263210292183	1	2.3115139530671687251	1.2428946020223269992	1.1148518296268464209
chr1	50200000	51200000	4	0.04567789269709994493	1	1.8492111624537353465	0.99431568161786173637	0.99715379035425710824
chr1	50400000	51400000	4	0.04567789269709994493	1	1.8492111624537351244	0.9943156816178616616	0.9971537903542570708
chr1	50600000	51600000	3	0.25818688838193770696	1	1.849211162453735291	0.994315681617861703	0.9971537903542570915
chr1	50800000	51800000	3	0.42958512930585635026	1	2.3115139530671687251	1.2428946020223269992	1.1148518296268464209
chr1	51000000	52000000	4	0.55164104545946757163	1	3.6984223249074698776	1.9886313632357232145	1.4101884140907282374
chr1	51200000	52200000	5	0.40792905233768150808	1	4.1607251155209034697	2.237210283640188449	1.4957306855313855093
chr1	51400000	52400000	4	0.6666106399568966223	1	4.1607251155209036917	2.2372102836401884147	1.4957306855313854979
chr1	51600000	52600000	3	0.8671896696991073794	1	4.1607251155209032476	2.237210283640188374	1.4957306855313854842
chr1	51800000	52800000	3	0.8671896696991072684	1	4.1607251155209034697	2.2372102836401883757	1.4957306855313854848
chr1	52000000	53000000	1	0.95505422093828973296	1	2.3115139530671687806	1.2428946020223269502	1.114851829626846399
chr1	52200000	53200000	1	0.9758327800248132178	1	2.7738167436806026103	1.4914735224267924596	1.2212589907250601116
chr1	52400000	53400000	2	0.9087973406094274065	1	3.2361195342940361694	1.7400524428312577636	1.3191104740814007211
chr1	52600000	53600000	3	0.70707163774628190023	1	3.2361195342940358363	1.7400524428312576463	1.3191104740814006766
chr1	52800000	53800000	4	0.41800450186856780155	1	3.2361195342940361694	1.7400524428312577636	1.3191104740814007211
chr1	53000000	54000000	4	0.41800450186856780155	1	3.2361195342940361694	1.7400524428312577636	1.3191104740814007211
chr1	53200000	54200000	3	0.58318572237011867543	1	2.7738167436806024993	1.4914735224267924179	1.2212589907250600945
chr1	53400000	54400000	3	0.58318572237011867543	1	2.7738167436806024993	1.4914735224267924179	1.2212589907250600945
chr1	53600000	54600000	2	0.62893576639863491007	1	1.8492111624537350689	0.99431568161786162936	0.99715379035425705457
chr1	53800000	54800000	1	0.95505422093828962193	1	2.3115139530671686696	1.2428946020223269241	1.1148518296268463873
chr1	54000000	55000000	1	0.98700535326071059394	1	3.236119534294035989	1.7400524428312597898	1.3191104740814014891
chr1	54200000	55200000	2	0.90879734060942729545	1	3.236119534294036211	1.7400524428312600336	1.3191104740814015815
chr1	54400000	55400000	1	0.97583278002481299573	1	2.7738167436806023675	1.4914735224267946464	1.2212589907250610069
chr1	54600000	55600000	1	0.99301281471131974676	1	3.6984223249074694821	1.9886313632357252458	1.4101884140907289577
chr1	54800000	55800000	2	0.90879734060942718443	1	3.236119534294035878	1.7400524428312599165	1.3191104740814015372
chr1	55000000	56000000	2	0.76183619112715406096	1	2.3115139530671687251	1.2428946020223270194	1.11485182962684643
chr1	55200000	56200000	2	0.76183619112715394994	1	2.3115139530671687251	1.2428946020223270194	1.11485182962684643
chr1	55400000	56400000	2	0.76183619112715394994	1	2.3115139530671687806	1.2428946020223270946	1.1148518296268464637
chr1	55600000	56600000	2	0.44356132739028630851	1	1.3869083718403014127	0.7457367612133962376	0.8635605139267289574
chr1	55800000	56800000	1	0.7108817110178993204	1	0.92460558122686758997	0.4971578408089309003	0.7050942070453641873
chr1	56000000	57000000	1	0.84454190283170560427	1	1.3869083718403014127	0.7457367612133962376	0.8635605139267289574
chr1	56200000	57200000	0	1.000000000000000222	1	1.3869083718403014127	0.7457367612133962376	0.8635605139267289574
chr1	56400000	57400000	0	1.000000000000000222	1	0.92460558122686758997	0.4971578408089309003	0.7050942070453641873
chr1	56600000	57600000	1	0.9550542209382895109	1	2.3115139530671684198	1.2428946020223268446	1.1148518296268463516
chr1	56800000	57800000	2	0.90879734060942729545	1	3.2361195342940357947	1.7400524428312574381	1.3191104740814005977
chr1	57000000	58000000	2	0.9449531231064464132	1	3.6984223249074695168	1.9886313632357228082	1.4101884140907280933
chr1	57200000	58200000	2	0.9087973406094274065	1	3.2361195342940357947	1.7400524428312574381	1.3191104740814005977
chr1	57400000	58400000	2	0.9087973406094274065	1	3.2361195342940357947	1.7400524428312574381	1.3191104740814005977
chr1	57600000	58600000	1	0.91641061497606257635	1	1.849211162453735291	0.994315681617861703	0.9971537903542570915
chr1	57800000	58800000	0	1.000000000000000222	1	1.849211162453735291	0.994315681617861703	0.9971537903542570915
chr1	58000000	59000000	0	1.000000000000000222	1	0.92460558122686753446	0.49715784080893078896	0.7050942070453641083
chr1	58200000	59200000	0	1.000000000000000222	1	0.92460558122686753446	0.49715784080893078896	0.7050942070453641083
chr1	58400000	59400000	0	1.000000000000000222	1	0.92460558122686753446	0.49715784080893078896	0.7050942070453641083
chr1	58600000	59600000	2	0.6289357663986350211	1	1.8492111624537352355	0.99431568161786166286	0.99715379035425707137
chr1	58800000	59800000	2	0.21372387020896838061	1	0.92460558122686758997	0.49715784080893085287	0.7050942070453641536
chr1	59000000	60000000	2	0.6289357663986350211	1	1.8492111624537350134	0.99431568161786166037	0.9971537903542570701
chr1	59200000	60200000	3	0.42958512930585635026	1	2.311513953067168614	1.2428946020223269939	1.1148518296268464185
chr1	59400000	60400000	3	0.42958512930585635026	1	2.311513953067168614	1.2428946020223269939	1.1148518296268464185
chr1	59600000	60600000	1	0.95505422093828973296	1	2.311513953067168614	1.2428946020223269939	1.1148518296268464185
chr1	59800000	60800000	1	0.95505422093828973296	1	2.311513953067168614	1.2428946020223269939	1.1148518296268464185
chr1	60000000	61000000	1	0.91641061497606257635	1	1.849211162453735291	0.994315681617861703	0.9971537903542570915
chr1	60200000	61200000	0	1.000000000000000222	1	1.3869083718403015237	0.7457367612133963459	0.8635605139267290201
chr1	60400000	61400000	0	1.000000000000000222	1	1.8492111624537351244	0.9943156816178616616	0.9971537903542570708
chr1	60600000	61600000	0	1.000000000000000222	1	1.3869083718403014127	0.7457367612133962376	0.8635605139267289574
chr1	60800000	61800000	1	0.9164106149760626874	1	1.8492111624537351799	0.9943156816178617017	0.99715379035425709083
chr1	61000000	62000000	1	0.84454190283170560427	1	1.3869083718403014127	0.7457367612133962376	0.8635605139267289574
chr1	61200000	62200000	1	0.84454190283170560427	1	1.3869083718403014127	0.7457367612133962376	0.8635605139267289574
chr1	61400000	62400000	2	0.7618361911271538389	1	2.3115139530671684198	1.2428946020223268446	1.1148518296268463516
chr1	61600000	62600000	2	0.85116142550567142067	1	2.7738167436806022773	1.4914735224267923322	1.2212589907250600594
chr1	61800000	62800000	1	0.9550542209382895109	1	2.3115139530671684198	1.2428946020223268446	1.1148518296268463516
chr1	62000000	63000000	1	0.97583278002481299573	1	2.7738167436806022217	1.4914735224267921576	1.221258990725059988
chr1	62200000	63200000	1	0.98700535326071070497	1	3.2361195342940356837	1.740052442831257435	1.3191104740814005965
chr1	62400000	63400000	0	1.000000000000000222	1	2.3115139530671687806	1.2428946020223270946	1.1148518296268464637
chr1	62600000	63600000	0	1.000000000000000222	1	1.8492111624537351799	0.9943156816178617017	0.99715379035425709083
chr1	62800000	63800000	0	1.000000000000000222	1	1.8492111624537351799	0.9943156816178617017	0.99715379035425709083
chr1	63000000	64000000	1	0.955054220938289844	1	2.3115139530671687806	1.2428946020223271157	1.1148518296268464732
chr1	63200000	64200000	1	0.91641061497606246533	1	1.8492111624537352632	0.994315681617861798	0.99715379035425713913
chr1	63400000	64400000	1	0.91641061497606246533	1	1.8492111624537352077	0.99431568161786175794	0.9971537903542571191
chr1	63600000	64600000	2	0.76183619112715394994	1	2.311513953067168614	1.2428946020223269939	1.1148518296268464185
chr1	63800000	64800000	2	0.76183619112715406096	1	2.3115139530671688084	1.2428946020223271044	1.1148518296268464682
chr1	64000000	65000000	2	0.6289357663986350211	1	1.8492111624537352355	0.99431568161786166286	0.99715379035425707137
chr1	64200000	65200000	2	0.6289357663986350211	1	1.8492111624537352355	0.99431568161786166286	0.99715379035425707137
chr1	64400000	65400000	2	0.44356132739028630851	1	1.3869083718403015237	0.74573676121339629256	0.86356051392672898926
chr1	64600000	65600000	4	0.1439219782704035111	1	2.3115139530671687529	1.2428993496154665507	1.1148539588732985931
chr1	64800000	65800000	4	0.27598491187088386445	1	2.7738167436806023536	1.491478270019931796	1.2212609344525566196
chr1	65000000	66000000	4	0.27598491187088380894	1	2.7738167436806021315	1.4914782700199316168	1.2212609344525565462
chr1	65200000	66200000	4	0.4180046124574046118	1	3.2361195342940356837	1.740057190424396921	1.3191122736235899799
chr1	65400000	66400000	4	0.4180046124574046118	1	3.2361195342940356837	1.740057190424396921	1.3191122736235899799
chr1	65600000	66600000	1	0.84454190283170560427	1	1.3869083718403013572	0.74573676121339622924	0.86356051392672895256
chr1	65800000	66800000	1	0.71088171101789920936	1	0.92460558122686747895	0.49715784080893078863	0.7050942070453641081
chr1	66000000	67000000	1	0.7108817110178993204	1	0.9246055812268676455	0.49715784080893085314	0.70509420704536415384
chr1	66200000	67200000	2	0.4435627411116276897	1	1.3869083718403016348	0.745774263229176967	0.86358222725411444576
chr1	66400000	67400000	2	0.4435627411116276897	1	1.3869083718403016348	0.745774263229176967	0.86358222725411444576
chr1	66600000	67600000	2	0.4435627411116276897	1	1.3869083718403016348	0.745774263229176967	0.86358222725411444576
chr1	66800000	67800000	3	0.42958618356983074849	1	2.3115139530671689194	1.2429321040381076709	1.1148686487824956641
chr1	67000000	68000000	2	0.6289318654473572412	1	1.8492111624537351244	0.9943531836336421997	0.9971725947064741709
chr1	67200000	68200000	1	0.7108817110178993204	1	0.92460558122686758997	0.49715784080893085287	0.7050942070453641536
chr1	67400000	68400000	1	0.7108817110178993204	1	0.92460558122686758997	0.49715784080893085287	0.7050942070453641536
chr1	67600000	68600000	1	0.7108817110178993204	1	0.92460558122686758997	0.49715784080893085287	0.7050942070453641536
chr1	67800000	68800000	0	1.000000000000000222	1	0	0	0
chr1	68000000	69000000	2	0.44356132739028630851	1	1.3869083718403015237	0.74573676121339629256	0.86356051392672898926
chr1	68200000	69200000	3	0.58292543484511283314	1	2.7738167436806028393	1.4977248717792509804	1.2238157017211582501
chr1	68400000	69400000	3	0.58292543484511283314	1	2.7738167436806028393	1.4977248717792509804	1.2238157017211582501
chr1	68600000	69600000	3	0.706637065718968449	1	3.2361195342940364955	1.7463037921837166502	1.3214778818367398806
chr1	68800000	69800000	4	0.7590136092543007251	1	4.6230279061343373843	2.4920405533971126133	1.5786198254795587778
chr1	69000000	70000000	3	0.86680359358274594594	1	4.1607251155209042104	2.2434616329926473067	1.4978189586838081235
chr1	69200000	70200000	5	0.40792905233768145257	1	4.1607251155209030256	2.237210283640188335	1.4957306855313854712
chr1	69400000	70400000	6	0.39891269261656281397	1	5.08533069674776993	2.7343681244491190305	1.6535924904428899318
chr1	69600000	70600000	6	0.39891269261656286949	1	5.08533069674777104	2.7343681244491193454	1.653592490442890027
chr1	69800000	70800000	6	0.28838283772467954158	1	4.6230279061343366523	2.486820063684146498	1.5769654605235165067
chr1	70000000	71000000	5	0.40794994384017535527	1	4.160725115520902701	2.2382411432796815085	1.4960752465299603066
chr1	70200000	71200000	3	0.7069999759756541158	1	3.2361195342940362527	1.7410833024707510685	1.3195011566765491352
chr1	70400000	71400000	2	0.76170964152043385553	1	2.3115139530671687945	1.2439254616618203482	1.1153140641370126416
chr1	70600000	71600000	3	0.7069999759756541158	1	3.2361195342940364747	1.7410833024707512411	1.3195011566765492007
chr1	70800000	71800000	2	0.76183619112715406096	1	2.3115139530671690027	1.242894602022327274	1.1148518296268465442
chr1	71000000	72000000	2	0.76183619112715406096	1	2.3115139530671688362	1.2428946020223270255	1.1148518296268464327
chr1	71200000	72200000	1	0.91641061497606257635	1	1.849211162453735402	0.99431568161786177643	0.99715379035425712835
chr1	71400000	72400000	1	0.955054220938289844	1	2.3115139530671687251	1.24289460202232702	1.1148518296268464303
chr1	71600000	72600000	2	0.7618361911271538389	1	2.3115139530671684198	1.2428946020223268446	1.1148518296268463516
chr1	71800000	72800000	2	0.7618361911271538389	1	2.3115139530671684198	1.2428946020223268446	1.1148518296268463516
chr1	72000000	73000000	3	0.42958512930585635026	1	2.3115139530671685586	1.2428946020223269187	1.1148518296268463848
chr1	72200000	73200000	3	0.58318572237011867543	1	2.7738167436806022773	1.4914735224267923322	1.2212589907250600594
chr1	72400000	73400000	3	0.42958512930585635026	1	2.3115139530671685586	1.2428946020223269187	1.1148518296268463848
chr1	72600000	73600000	1	0.9550542209382895109	1	2.3115139530671684198	1.2428946020223268446	1.1148518296268463516
chr1	72800000	73800000	1	0.97583278002481299573	1	2.7738167436806022217	1.4914735224267921576	1.221258990725059988
chr1	73000000	74000000	1	0.97583278002481310676	1	2.7738167436806022773	1.4914735224267923322	1.2212589907250600594
chr1	73200000	74200000	3	0.86718966967166022375	1	4.1607251155209031297	2.2372102840846102882	1.4957306856799489651
chr1	73400000	74400000	3	0.91341143448644346314	1	4.62302790613433613	2.4857892044890754397	1.5766385776356848487
chr1	73600000	74600000	4	0.5516410454507513217	1	3.6984223249074703044	1.9886313636801452692	1.4101884142483036544
chr1	73800000	74800000	4	0.6666106399374882585	1	4.160725115520903185	2.237210284084610263	1.4957306856799489568
chr1	74000000	75000000	3	0.8003299930865266365	1	3.6984223249074696174	1.9886313636801450804	1.4101884142483035874
chr1	74200000	75200000	1	0.91641061497606257635	1	1.8492111624537350134	0.99431568161786166037	0.9971537903542570701
chr1	74400000	75400000	2	0.6289357663986350211	1	1.8492111624537351799	0.9943156816178617017	0.99715379035425709083
chr1	74600000	75600000	2	0.76183619112667955164	1	2.3115139530671685586	1.2428946020261912918	1.1148518296285795179
chr1	74800000	75800000	3	0.42976133834771940156	1	2.31151395306716885	1.2491626662165464832	1.1176594589661676027
chr1	75000000	76000000	3	0.42976133834771940156	1	2.31151395306716885	1.2491626662165464832	1.1176594589661676027
chr1	75200000	76200000	3	0.42976133834771940156	1	2.31151395306716885	1.2491626662165464832	1.1176594589661676027
chr1	75400000	76400000	2	0.62828376376575945095	1	1.8492111624537350412	1.0005837458120810535	1.0002918303235716488
chr1	75600000	76600000	1	0.84285674252000064577	1	1.3869083718403013572	0.7520048254037513716	0.8671821177836587352
chr1	75800000	76800000	1	0.91641061497606257635	1	1.8492111624537352355	0.99431568161786156794	0.9971537903542570238
chr1	76000000	77000000	2	0.8511614255056715317	1	2.7738167436806024993	1.4914735224267923378	1.2212589907250600617
chr1	76200000	77200000	3	0.70707163774628190023	1	3.2361195342940361278	1.7400524428312575554	1.3191104740814006422
chr1	76400000	77400000	3	0.8003299931183704974	1	3.6984223249074698499	1.9886313632357229293	1.4101884140907281364
chr1	76600000	77600000	4	0.6666106399568966223	1	4.1607251155209034697	2.2372102836401883156	1.4957306855313854647
chr1	76800000	77800000	4	0.7557989699333881317	1	4.6230279061343372785	2.5538214415477428064	1.5980680340798206475
chr1	77000000	78000000	4	0.6636396233995428551	1	4.1607251155209029145	2.305242521143276982	1.5183025130530730246
chr1	77200000	78200000	3	0.79545533537822188386	1	3.6984223249074699366	2.05666360073881209	1.4341072486877723365
chr1	77400000	78400000	3	0.79545533537822177284	1	3.6984223249074697146	2.0566636007388119963	1.4341072486877723039
chr1	77600000	78600000	2	0.84422603336572243915	1	2.7738167436806025479	1.559505759929881521	1.2488017296312019126
chr1	77800000	78800000	1	0.91641061497606257635	1	1.849211162453735291	0.994315681617861703	0.9971537903542570915
chr1	78000000	79000000	0	1	1	1.8492111624537349024	0.99431568161786158816	0.9971537903542570339
chr1	78200000	79200000	1	0.97583278002481310676	1	2.7738167436806022773	1.4914735224267923322	1.2212589907250600594
chr1	78400000	79400000	4	0.66661063995620539746	1	4.1607251155209031973	2.2372102836560144156	1.4957306855366758891
chr1	78600000	79600000	6	0.39891269261684980663	1	5.0853306967477700505	2.734368124464944487	1.6535924904476751061
chr1	78800000	79800000	7	0.39069467707682659086	1	6.0099362779746384714	3.2315259652738762561	1.7976445603271733139
chr1	79000000	80000000	7	0.39069467707682664637	1	6.0099362779746387003	3.2315259652738760818	1.7976445603271732654
chr1	79200000	80200000	6	0.39891269261684991765	1	5.0853306967477713263	2.7343681244649455226	1.6535924904476754192
chr1	79400000	80400000	3	0.70707163774628190023	1	3.236119534294036225	1.7400524428312579785	1.3191104740814008025
chr1	79600000	80600000	2	0.85116142550567175373	1	2.7738167436806028324	1.4914735224267926304	1.2212589907250601815
chr1	79800000	80800000	1	0.84454190283170560427	1	1.3869083718403015237	0.7457367612133963459	0.8635605139267290201
chr1	80000000	81000000	1	0.84454190283170560427	1	1.3869083718403015237	0.7457367612133963459	0.8635605139267290201
chr1	80200000	81200000	1	0.84454190283170560427	1	1.3869083718403015237	0.7457367612133963459	0.8635605139267290201
chr1	80400000	81400000	1	0.84454190283170560427	1	1.3869083718403015237	0.7457367612133963459	0.8635605139267290201
chr1	80600000	81600000	0	1.000000000000000222	1	0.92460558122686758997	0.4971578408089309003	0.7050942070453641873
chr1	80800000	81800000	1	0.7108817110178993204	1	0.92460558122686758997	0.4971578408089309003	0.7050942070453641873
chr1	81000000	82000000	2	0.44356132739028630851	1	1.3869083718403014127	0.7457367612133962376	0.8635605139267289574
chr1	81200000	82200000	2	0.62893576639863491007	1	1.849211162453735291	0.994315681617861703	0.9971537903542570915
chr1	81400000	82400000	3	0.58318572237011867543	1	2.7738167436806022773	1.4914735224267923322	1.2212589907250600594
chr1	81600000	82600000	3	0.7070716377462817892	1	3.2361195342940358363	1.7400524428312576463	1.3191104740814006766
chr1	81800000	82800000	2	0.96717125265140013735	1	4.160725115520902285	2.237210283640187461	1.495730685531385179
chr1	82000000	83000000	1	0.98700535326071070497	1	3.2361195342940355726	1.7400524428312573502	1.3191104740814005644
chr1	82200000	83200000	1	0.97583278002481310676	1	2.7738167436806018887	1.4914735224267921215	1.2212589907250599731
chr1	82400000	83400000	0	1	1	1.8492111624537347359	0.99431568161786145193	0.9971537903542569656
chr1	82600000	83600000	1	0.9164106149760623543	1	1.8492111624537350134	0.99431568161786166037	0.9971537903542570701
chr1	82800000	83800000	2	0.21372387020896838061	1	0.92460558122686758997	0.4971578408089309003	0.7050942070453641873
chr1	83000000	84000000	3	0.2582276546839544218	1	1.8492111624537350134	0.9946033415757023758	0.9972980204410827847
chr1	83200000	84200000	4	0.14395676956615463538	1	2.3115139530671686835	1.2431822619801677991	1.1149808348039744665
chr1	83400000	84400000	4	0.27600729588053413144	1	2.7738167436806021454	1.4917611823846331057	1.2213767569364635268
chr1	83600000	84600000	4	0.41801120252282070178	1	3.2361195342940362318	1.7403401027890985714	1.3192195051579166866
chr1	83800000	84800000	4	0.41801120252282070178	1	3.2361195342940360098	1.7403401027890985391	1.3192195051579166744
chr1	84000000	85000000	3	0.5831857223701185644	1	2.7738167436806015	1.4914735224267919004	1.2212589907250598827
chr1	84200000	85200000	3	0.5831857223701185644	1	2.7738167436806022773	1.4914735224267923322	1.2212589907250600594
chr1	84400000	85400000	3	0.42958512930585635026	1	2.311513953067168614	1.2428946020223270142	1.1148518296268464276
chr1	84600000	85600000	2	0.443561327390286253	1	1.3869083718403013572	0.74573676121339622924	0.86356051392672895256
chr1	84800000	85800000	1	0.91641061497606246533	1	1.8492111624537351244	0.9943156816178616616	0.9971537903542570708
chr1	85000000	86000000	1	0.8445419028317057153	1	1.3869083718403014127	0.7457367612133962376	0.8635605139267289574
chr1	85200000	86200000	2	0.76183619110865319346	1	2.31151395306716885	1.24289460217303316	1.1148518296944366409
chr1	85400000	86400000	2	0.76183619110865319346	1	2.31151395306716885	1.24289460217303316	1.1148518296944366409
chr1	85600000	86600000	3	0.7070716377358053917	1	3.236119534294036322	1.740052442981964077	1.319110474138524941
chr1	85800000	86800000	3	0.42958512931009301683	1	2.31151395306716885	1.24289460217303316	1.1148518296944366409
chr1	86000000	87000000	3	0.42958512931009301683	1	2.31151395306716885	1.24289460217303316	1.1148518296944366409
chr1	86200000	87200000	3	0.42958512930585635026	1	2.3115139530671686696	1.2428946020223269241	1.1148518296268463873
chr1	86400000	87400000	3	0.42958512930585635026	1	2.3115139530671686696	1.2428946020223269241	1.1148518296268463873
chr1	86600000	87600000	3	0.25818688838193770696	1	1.8492111624537351799	0.9943156816178617017	0.99715379035425709083
chr1	86800000	87800000	5	0.077889823528190876845	1	2.7738167436806024993	1.4914735224267924179	1.2212589907250600945
chr1	87000000	88000000	5	0.077889823528190876845	1	2.7738167436806024993	1.4914735224267924179	1.2212589907250600945
chr1	87200000	88200000	3	0.09880514161830936115	1	1.3869083718403014127	0.7457367612133962376	0.8635605139267289574
chr1	87400000	88400000	3	0.09880514161830936115	1	1.3869083718403014127	0.7457367612133962376	0.8635605139267289574
chr1	87600000	88600000	2	0.2137238702089683251	1	0.92460558122686753446	0.49715784080893078896	0.7050942070453641083
chr1	87800000	88800000	0	1.000000000000000222	1	0.46230279061343382274	0.24857892040446543436	0.4985768951771285544
chr1	88000000	89000000	0	1.000000000000000222	1	0.46230279061343382274	0.24857892040446543436	0.4985768951771285544
chr1	88200000	89200000	0	1.000000000000000222	1	0.46230279061343382274	0.24857892040446543436	0.4985768951771285544
chr1	88400000	89400000	0	1.000000000000000222	1	1.3869083718403014127	0.7457367612133962376	0.8635605139267289574
chr1	88600000	89600000	1	0.91641061497606246533	1	1.8492111624537351799	0.9943156816178617017	0.99715379035425709083
chr1	88800000	89800000	1	0.84454190283170560427	1	1.3869083718403014127	0.7457367612133962376	0.8635605139267289574
chr1	89000000	90000000	2	0.62893576639863491007	1	1.8492111624537352355	0.99431568161786166286	0.99715379035425707137
chr1	89200000	90200000	2	0.62893576639863491007	1	1.8492111624537352355	0.99431568161786166286	0.99715379035425707137
chr1	89400000	90400000	4	0.14392139443265858367	1	2.311513953067168614	1.2428946020223269939	1.1148518296268464185
chr1	89600000	90600000	3	0.25818688838193776247	1	1.8492111624537353465	0.99431568161786173637	0.99715379035425710824
chr1	89800000	90800000	3	0.25818688838193776247	1	1.8492111624537353465	0.99431568161786173637	0.99715379035425710824
chr1	90000000	91000000	3	0.42958512930587755552	1	2.3115139530671687529	1.2428946020230809462	1.1148518296271845587
chr1	90200000	91200000	3	0.42958512930587755552	1	2.3115139530671687529	1.2428946020230809462	1.1148518296271845587
chr1	90400000	91400000	2	0.44356132739031478573	1	1.3869083718403014127	0.74573676121415027754	0.8635605139271655452
chr1	90600000	91600000	3	0.25818688838204451041	1	1.8492111624537348469	0.99431568161861557607	0.99715379035463510394
chr1	90800000	91800000	4	0.14392139443275125954	1	2.3115139530671686419	1.2428946020230810305	1.1148518296271845965
chr1	91000000	92000000	5	0.077889823528190876845	1	2.7738167436806024993	1.4914735224267924179	1.2212589907250600945
chr1	91200000	92200000	5	0.077889823528190876845	1	2.7738167436806024993	1.4914735224267924179	1.2212589907250600945
chr1	91400000	92400000	4	0.27598453624159391406	1	2.7738167436806022217	1.4914735224267921576	1.221258990725059988
chr1	91600000	92600000	3	0.7070716377462817892	1	3.2361195342940360584	1.7400524428312576787	1.3191104740814006889
chr1	91800000	92800000	3	0.80032999311837038636	1	3.6984223249074695168	1.9886313632357228082	1.4101884140907280933
chr1	92000000	93000000	2	0.9087973406094275175	1	3.2361195342940362804	1.7400524428312577666	1.3191104740814007223
chr1	92200000	93200000	2	0.9087973406094275175	1	3.2361195342940362804	1.7400524428312577666	1.3191104740814007223
chr1	92400000	93400000	3	0.70707163774628201125	1	3.2361195342940362804	1.7400524428312577666	1.3191104740814007223
chr1	92600000	93600000	3	0.58318572237011867543	1	2.7738167436806027213	1.491473522426792493	1.2212589907250601252
chr1	92800000	93800000	2	0.8511614255056715317	1	2.7738167436806024993	1.4914735224267924179	1.2212589907250600945
chr1	93000000	94000000	1	0.95505422093828962193	1	2.3115139530671687806	1.2428946020223270946	1.1148518296268464637
chr1	93200000	94200000	2	0.9449531231064465242	1	3.6984223249074699887	1.9886313632357233747	1.4101884140907282942
chr1	93400000	94400000	1	0.987005353260710927	1	3.236119534294036336	1.7400524428312578727	1.3191104740814007625
chr1	93600000	94600000	1	0.9758327800248133288	1	2.7738167436806027213	1.4914735224267924128	1.2212589907250600924
chr1	93800000	94800000	1	0.91641061497606257635	1	1.8492111624537352632	0.994315681617861798	0.99715379035425713913
chr1	94000000	95000000	2	0.6289357663986350211	1	1.8492111624537352077	0.99431568161786175794	0.9971537903542571191
chr1	94200000	95200000	1	0.84454189613164343253	1	1.3869083718403013572	0.74573678613471715065	0.86356052835612927325
chr1	94400000	95400000	2	0.62893576380632476575	1	1.8492111624537349857	0.99431570653918258416	0.9971538028504843365
chr1	94600000	95600000	2	0.62893576380632476575	1	1.8492111624537349857	0.99431570653918258416	0.9971538028504843365
chr1	94800000	95800000	2	0.62893576380632476575	1	1.8492111624537349857	0.99431570653918258416	0.9971538028504843365
chr1	95000000	96000000	1	0.84454189613164343253	1	1.3869083718403013572	0.74573678613471715065	0.86356052835612927325
chr1	95200000	96200000	1	0.46230279061343382274	1	0.46230279061343382274	0.24857892040446543436	0.4985768951771285544
chr1	95400000	96400000	0	1.000000000000000222	1	0.46230279061343382274	0.24857892040446543436	0.4985768951771285544
chr1	95600000	96600000	0	1.000000000000000222	1	0.46230279061343382274	0.24857892040446543436	0.4985768951771285544
chr1	95800000	96800000	0	1.000000000000000222	1	0.92460558122686758997	0.4971578408089309003	0.7050942070453641873
chr1	96000000	97000000	0	1.000000000000000222	1	1.3869083718403014127	0.7457367612133962376	0.8635605139267289574
chr1	96200000	97200000	1	0.91641061497606257635	1	1.8492111624537348469	0.99431568161786162686	0.9971537903542570533
chr1	96400000	97400000	1	0.95505422090691127757	1	2.3115139530671688917	1.2428946024260165518	1.1148518298078971857
chr1	96600000	97600000	1	0.9758327800079413805	1	2.7738167436806027213	1.4914735228304819818	1.221258990890336079
chr1	96800000	97800000	2	0.8511614254645182287	1	2.7738167436806023883	1.4914735228304819429	1.221258990890336063
chr1	97000000	98000000	2	0.8511614254645183397	1	2.7738167436806026103	1.4914735228304819791	1.2212589908903360778
chr1	97200000	98200000	1	0.95505422090691116654	1	2.3115139530671686696	1.2428946024260165255	1.1148518298078971739
chr1	97400000	98400000	1	0.84454190283170560427	1	1.3869083718403014127	0.7457367612133962376	0.8635605139267289574
chr1	97600000	98600000	1	0.7108817110178993204	1	0.92460558122686758997	0.4971578408089309003	0.7050942070453641873
chr1	97800000	98800000	1	0.7108817110178993204	1	0.92460558122686758997	0.4971578408089309003	0.7050942070453641873
chr1	98000000	99000000	2	0.44356132739028630851	1	1.3869083718403014127	0.7457367612133962376	0.8635605139267289574
chr1	98200000	99200000	3	0.42958512930585635026	1	2.3115139530671687251	1.2428946020223269992	1.1148518296268464209
chr1	98400000	99400000	3	0.58318572237011867543	1	2.7738167436806022773	1.4914735224267923322	1.2212589907250600594
chr1	98600000	99600000	3	0.58318572237011867543	1	2.7738167436806022773	1.4914735224267923322	1.2212589907250600594
chr1	98800000	99800000	2	0.85116142550567142067	1	2.7738167436806022773	1.4914735224267923322	1.2212589907250600594
chr1	99000000	100000000	1	0.91641061497606257635	1	1.8492111624537352355	0.99431568161786166286	0.99715379035425707137
chr1	99200000	100000000	0	1.000000000000000222	1	0.92460558122686747895	0.49715784080893078863	0.7050942070453641081
chr1	99400000	100000000	0	1.000000000000000222	1	0.46230279061343376723	0.2485789204044654183	0.4985768951771285383
chr1	99600000	100000000	0	1.000000000000000222	1	0.46230279061343371172	0.24857892040446537851	0.4985768951771284984
chr1	99800000	100000000	0	1	1	0	0	0
